filename,xmin,ymin,xmax,ymax,class,label
hawaii_1_10158_2619_22122.jpg,394,265,415,292,2,unidentified object
hawaii_1_11699_5374_23774.jpg,298,297,340,342,5,metal
hawaii_1_11979_11396_8780.jpg,268,275,370,365,5,metal
hawaii_1_1257_2569_16798.jpg,306,336,341,363,2,unidentified object
hawaii_1_12678_2276_14885.jpg,302,302,337,337,2,unidentified object
hawaii_1_13649_3680_2952.jpg,253,247,385,392,5,metal
hawaii_1_1537_9617_13997.jpg,285,280,353,363,7,processed wood
hawaii_1_16010_6389_11168.jpg,545,183,622,252,5,metal
hawaii_1_16425_10635_22683.jpg,235,238,404,400,5,metal
hawaii_1_17944_3806_6579.jpg,275,277,365,364,3,net cloth
hawaii_1_19047_17617_17893.jpg,293,291,343,341,6,tire
hawaii_1_19322_13899_9843.jpg,262,44,292,66,1,buoy
hawaii_1_19322_14842_8362.jpg,525,389,567,426,5,metal
hawaii_1_19322_16035_7802.jpg,123,407,167,465,5,metal
hawaii_1_2658_12351_11117.jpg,207,303,223,324,2,unidentified object
hawaii_1_2794_12000_6071.jpg,307,307,332,332,1,buoy
hawaii_1_2794_5686_2355.jpg,192,233,220,263,1,buoy
hawaii_1_2794_6619_2330.jpg,330,136,349,158,1,buoy
hawaii_1_2797_13587_17058.jpg,305,303,335,335,2,unidentified object
hawaii_1_2933_17950_15735.jpg,500,535,530,565,1,buoy
hawaii_1_2933_18322_15954.jpg,165,317,192,350,1,buoy
hawaii_1_2933_18658_16149.jpg,205,338,290,417,2,unidentified object
hawaii_1_2933_19071_16592.jpg,257,302,277,325,1,buoy
hawaii_1_2933_7469_5936.jpg,270,206,297,230,1,buoy
hawaii_1_2933_7584_5598.jpg,155,544,182,567,1,buoy
hawaii_1_3071_15520_12997.jpg,394,437,420,460,1,buoy
hawaii_1_3071_7821_4407.jpg,547,460,570,485,1,buoy
hawaii_1_3484_1603_9933.jpg,302,303,337,337,2,unidentified object
hawaii_1_3759_17384_2303.jpg,426,513,465,550,2,unidentified object
hawaii_1_6541_7090_5839.jpg,307,307,332,332,1,buoy
hawaii_1_8480_12605_9518.jpg,310,308,330,330,2,unidentified object
hawaii_1_8638_978_5071.jpg,116,263,524,375,8,vessel
hawaii_1_8897_11785_20455.jpg,302,303,337,335,6,tire
hawaii_1_8897_17590_8607.jpg,116,319,134,333,2,unidentified object
hawaii_1_8898_-150_8626.jpg,388,203,404,220,2,unidentified object
hawaii_1_976_3969_11502.jpg,297,301,340,340,6,tire
hawaii_2_10219_1770_14368.jpg,298,337,372,409,7,processed wood
hawaii_2_1035_9446_10164.jpg,291,293,349,345,5,metal
hawaii_2_1036_16661_5786.jpg,506,250,526,271,2,unidentified object
hawaii_2_1037_10454_19975.jpg,337,227,370,258,2,unidentified object
hawaii_2_1037_14383_21329.jpg,291,285,340,352,5,metal
hawaii_2_1037_17635_20343.jpg,303,301,337,334,2,unidentified object
hawaii_2_1038_18415_10185.jpg,307,310,334,330,1,buoy
hawaii_2_1038_2457_9367.jpg,290,296,350,344,5,metal
hawaii_2_1038_25999_10208.jpg,301,302,337,337,6,tire
hawaii_2_1038_9838_7033.jpg,35,262,68,295,2,unidentified object
hawaii_2_1109_11291_10883.jpg,434,562,454,585,2,unidentified object
hawaii_2_111_19097_-227.jpg,296,281,345,359,7,processed wood
hawaii_2_116_16987_159.jpg,43,459,73,499,2,unidentified object
hawaii_2_1179_16434_7591.jpg,268,317,311,347,1,buoy
hawaii_2_1180_1029_6469.jpg,350,570,367,587,1,buoy
hawaii_2_1180_1327_4304.jpg,273,275,365,364,7,processed wood
hawaii_2_1180_439_5366.jpg,295,295,345,345,2,unidentified object
hawaii_2_1215_21117_11735.jpg,301,298,339,340,2,unidentified object
hawaii_2_1326_16246_10138.jpg,307,307,332,332,5,metal
hawaii_2_1438_21318_1153.jpg,302,297,339,340,7,processed wood
hawaii_2_1671_2915_16340.jpg,133,218,222,322,7,processed wood
hawaii_2_187_23363_5860.jpg,509,231,535,257,2,unidentified object
hawaii_2_1885_13140_6312.jpg,203,238,437,400,5,metal
hawaii_2_1885_16885_750.jpg,143,392,166,420,1,buoy
hawaii_2_1908_8107_7952.jpg,277,215,360,425,3,net cloth
hawaii_2_1973_10200_14017.jpg,519,206,539,220,2,unidentified object
hawaii_2_1973_12751_15793.jpg,307,307,332,332,2,unidentified object
hawaii_2_1973_13985_15290.jpg,298,287,342,352,4,line fragment
hawaii_2_2237_6218_604.jpg,291,287,349,352,4,line fragment
hawaii_2_2438_217_15172.jpg,292,283,347,355,7,processed wood
hawaii_2_2518_3532_32.jpg,232,177,405,462,8,vessel
hawaii_2_2588_174_13210.jpg,292,291,359,337,1,buoy
hawaii_2_2588_20_13576.jpg,390,53,417,70,2,unidentified object
hawaii_2_2588_295_19847.jpg,187,302,412,337,7,processed wood
hawaii_2_2588_510_20224.jpg,447,329,475,357,1,buoy
hawaii_2_2588_694_19884.jpg,297,567,324,595,1,buoy
hawaii_2_2588_926_20410.jpg,4,103,39,133,1,buoy
hawaii_2_2588_948_19515.jpg,185,567,206,589,1,buoy
hawaii_2_259_2078_10755.jpg,305,306,334,334,5,metal
hawaii_2_2797_3218_16589.jpg,177,595,203,622,1,buoy
hawaii_2_2797_3618_4855.jpg,445,607,472,637,1,buoy
hawaii_2_2797_3759_5194.jpg,305,267,332,297,1,buoy
hawaii_2_2797_3797_7557.jpg,320,337,357,384,2,unidentified object
hawaii_2_2937_11551_12911.jpg,307,307,332,332,1,buoy
hawaii_2_3078_25909_6162.jpg,231,234,420,403,5,metal
hawaii_2_3083_7894_17560.jpg,165,200,376,350,3,net cloth
hawaii_2_323_8362_15435.jpg,303,300,335,340,2,unidentified object
hawaii_2_3362_12673_19150.jpg,143,530,237,590,3,net cloth
hawaii_2_393_9808_12448.jpg,306,302,334,335,2,unidentified object
hawaii_2_472_12027_-49.jpg,13,264,357,410,4,line fragment
hawaii_2_472_7504_3478.jpg,334,167,359,183,2,unidentified object
hawaii_2_4833_13240_13633.jpg,252,372,282,400,2,unidentified object
hawaii_2_4875_10338_1271.jpg,375,581,404,606,2,unidentified object
hawaii_2_613_908_20893.jpg,41,503,74,537,2,unidentified object
hawaii_2_663_26102_9791.jpg,302,298,337,342,7,processed wood
hawaii_2_683_12274_13294.jpg,342,311,357,324,2,unidentified object
hawaii_2_754_12837_3540.jpg,310,307,330,332,2,unidentified object
hawaii_2_754_5346_15144.jpg,306,306,334,332,2,unidentified object
hawaii_2_754_5449_14780.jpg,310,308,330,330,1,buoy
hawaii_2_809_4148_2090.jpg,424,464,474,529,3,net cloth
hawaii_2_885_25477_881.jpg,296,303,345,335,5,metal
hawaii_2_895_8_39.jpg,226,454,242,479,1,buoy
hawaii_2_965_8073_15118.jpg,273,271,365,369,5,metal
hawaii_3_132_3532_18147.jpg,268,245,370,395,3,net cloth
hawaii_3_132_8448_28669.jpg,262,250,377,389,3,net cloth
hawaii_3_3065_1658_2436.jpg,293,291,345,350,3,net cloth
hawaii_3_7021_3141_28112.jpg,247,247,392,392,7,processed wood
hawaii_3_7659_5586_45559.jpg,192,276,447,362,7,processed wood
hawaii_3_7862_11061_30346.jpg,302,301,337,339,2,unidentified object
hawaii_4_1055_15304_10730.jpg,302,307,337,332,2,unidentified object
hawaii_4_1118_7620_15295.jpg,171,245,467,395,7,processed wood
hawaii_4_1125_10309_4978.jpg,285,263,355,377,3,net cloth
hawaii_4_1474_7880_8276.jpg,291,302,347,339,3,net cloth
hawaii_4_150_21683_11256.jpg,295,295,345,345,7,processed wood
hawaii_4_219_6918_2490.jpg,272,265,367,375,4,line fragment
hawaii_4_2627_13969_4351.jpg,295,295,345,345,5,metal
hawaii_4_2628_4302_12485.jpg,252,272,387,369,7,processed wood
hawaii_4_2696_16541_2112.jpg,305,306,334,334,1,buoy
hawaii_4_2697_19816_17295.jpg,202,272,435,367,7,processed wood
hawaii_4_2697_7903_10057.jpg,156,143,484,497,5,metal
hawaii_4_2766_3718_5488.jpg,276,291,364,347,7,processed wood
hawaii_4_2903_13748_14590.jpg,555,245,580,272,1,buoy
hawaii_4_2972_19016_13570.jpg,150,218,181,253,2,unidentified object
hawaii_4_2972_19429_14066.jpg,230,246,272,282,5,metal
hawaii_4_3151_9320_11131.jpg,293,303,345,335,5,metal
hawaii_4_3456_9325_8665.jpg,225,86,245,103,2,unidentified object
hawaii_4_359_19937_9204.jpg,268,287,372,352,3,net cloth
hawaii_4_3596_10218_16780.jpg,241,253,399,387,3,net cloth
hawaii_4_4291_10155_13333.jpg,302,405,332,430,2,unidentified object
hawaii_4_4291_10374_10050.jpg,265,267,375,372,5,metal
hawaii_4_4291_14409_14832.jpg,113,226,145,344,2,unidentified object
hawaii_4_4291_9553_11901.jpg,228,565,250,585,1,buoy
hawaii_4_4291_9566_12243.jpg,329,484,350,507,1,buoy
hawaii_4_4565_27216_3057.jpg,305,303,335,335,2,unidentified object
hawaii_4_4565_29949_9329.jpg,156,597,181,622,1,buoy
hawaii_4_4565_29967_10173.jpg,549,357,564,374,1,buoy
hawaii_4_4565_30025_9691.jpg,4,429,22,447,1,buoy
kahoolawe_104_12554_5552.jpg,298,306,340,332,3,net cloth
kahoolawe_105_5252_5425.jpg,277,288,362,352,3,net cloth
kahoolawe_105_7849_5266.jpg,0,392,101,512,3,net cloth
kahoolawe_106_13963_1814.jpg,306,308,332,330,1,buoy
kahoolawe_106_14304_2040.jpg,35,93,58,128,2,unidentified object
kahoolawe_106_2292_2668.jpg,298,446,338,484,2,unidentified object
kahoolawe_108_1207_4313.jpg,221,212,420,427,7,processed wood
kahoolawe_108_14387_5054.jpg,444,330,465,350,1,buoy
kahoolawe_108_9783_3241.jpg,307,409,347,447,2,unidentified object
kahoolawe_108_9952_3576.jpg,263,274,303,305,2,unidentified object
kahoolawe_109_10612_10367.jpg,317,63,342,88,1,buoy
kahoolawe_109_10772_9963.jpg,207,600,227,622,1,buoy
kahoolawe_109_3385_5694.jpg,385,292,412,315,1,buoy
kahoolawe_110_-171_10511.jpg,295,295,345,345,4,line fragment
kahoolawe_1109_13964_7770.jpg,330,315,362,355,3,net cloth
kahoolawe_1112_599_5610.jpg,271,256,369,385,3,net cloth
kahoolawe_1169_11766_3266.jpg,272,293,369,345,3,net cloth
kahoolawe_1230_6027_10193.jpg,310,306,330,335,2,unidentified object
kahoolawe_1530_417_3780.jpg,305,303,334,335,1,buoy
kahoolawe_1577_7731_12088.jpg,432,427,469,475,3,net cloth
kahoolawe_1577_8274_14507.jpg,226,441,250,466,1,buoy
kahoolawe_1577_8556_3501.jpg,531,479,557,507,1,buoy
kahoolawe_1577_8626_5322.jpg,292,286,347,355,3,net cloth
kahoolawe_163_1001_6309.jpg,227,271,412,369,3,net cloth
kahoolawe_163_8075_6509.jpg,270,270,370,370,3,net cloth
kahoolawe_1638_6157_130.jpg,445,11,472,40,1,buoy
kahoolawe_1638_6370_-216.jpg,293,489,316,514,1,buoy
kahoolawe_1638_7398_1985.jpg,35,498,56,520,1,buoy
kahoolawe_1638_8459_7968.jpg,272,3,310,49,2,unidentified object
kahoolawe_1639_-282_3928.jpg,333,377,358,404,1,buoy
kahoolawe_1639_10826_12035.jpg,297,245,323,273,2,unidentified object
kahoolawe_1639_11246_12127.jpg,202,260,252,295,2,unidentified object
kahoolawe_1639_12757_11809.jpg,176,455,193,480,2,unidentified object
kahoolawe_1639_4117_8879.jpg,282,305,357,335,7,processed wood
kahoolawe_1639_4485_8830.jpg,308,310,330,330,2,unidentified object
kahoolawe_1639_4686_9252.jpg,510,356,535,377,1,buoy
kahoolawe_1639_9152_11389.jpg,584,372,609,397,1,buoy
kahoolawe_1639_919_4479.jpg,292,292,347,347,3,net cloth
kahoolawe_1639_9502_11443.jpg,233,317,258,342,1,buoy
kahoolawe_1639_9996_11950.jpg,512,288,535,318,2,unidentified object
kahoolawe_1640_3267_10492.jpg,524,382,550,407,2,unidentified object
kahoolawe_170_13312_983.jpg,412,278,522,312,7,processed wood
kahoolawe_170_13658_966.jpg,301,300,339,340,6,tire
kahoolawe_171_2617_5769.jpg,281,560,430,639,3,net cloth
kahoolawe_171_4702_6958.jpg,281,275,360,365,2,unidentified object
kahoolawe_171_6621_8167.jpg,369,350,394,379,1,buoy
kahoolawe_2046_7043_6292.jpg,287,287,352,352,1,buoy
kahoolawe_2204_2955_12794.jpg,153,237,172,258,2,unidentified object
kahoolawe_233_3201_1513.jpg,227,271,410,369,3,net cloth
kahoolawe_233_8422_3127.jpg,317,407,342,432,1,buoy
kahoolawe_234_6245_11329.jpg,192,95,222,123,1,buoy
kahoolawe_296_7847_5735.jpg,347,355,385,400,2,unidentified object
kahoolawe_296_8133_7112.jpg,200,27,231,56,1,buoy
kahoolawe_296_8188_6616.jpg,145,524,176,552,1,buoy
kahoolawe_296_9317_9166.jpg,302,292,337,349,3,net cloth
kahoolawe_358_12098_7149.jpg,266,330,292,357,1,buoy
kahoolawe_419_6507_11166.jpg,307,307,332,332,1,buoy
kahoolawe_419_8286_13372.jpg,171,238,469,400,3,net cloth
kahoolawe_877_9789_4098.jpg,306,303,335,335,2,unidentified object
kahoolawe_937_8410_1767.jpg,287,287,352,352,3,net cloth
kauai_1_1097_347_22561.jpg,339,7,370,34,1,buoy
kauai_1_1238_4754_38472.jpg,260,291,380,347,5,metal
kauai_1_1238_6210_3131.jpg,296,307,345,332,3,net cloth
kauai_1_1286_3322_7252.jpg,287,292,352,347,5,metal
kauai_1_1286_8153_3229.jpg,305,303,335,335,5,metal
kauai_1_1333_11722_2374.jpg,404,595,430,622,2,unidentified object
kauai_1_1333_2432_29542.jpg,307,307,332,332,1,buoy
kauai_1_1333_2929_29434.jpg,251,251,389,387,5,metal
kauai_1_1333_3255_28987.jpg,270,292,369,347,5,metal
kauai_1_1425_7391_18422.jpg,305,305,335,335,2,unidentified object
kauai_1_1472_7757_35459.jpg,302,302,337,337,3,net cloth
kauai_1_1472_8148_32846.jpg,312,307,327,332,2,unidentified object
kauai_1_1472_8581_32752.jpg,280,287,360,352,7,processed wood
kauai_1_1517_1220_27694.jpg,301,301,337,339,2,unidentified object
kauai_1_1517_2426_25649.jpg,440,81,482,111,2,unidentified object
kauai_1_1518_-315_25572.jpg,315,307,325,332,2,unidentified object
kauai_1_1564_2766_5469.jpg,310,392,360,442,2,unidentified object
kauai_1_1564_8115_23845.jpg,265,288,394,352,5,metal
kauai_1_1697_5531_19877.jpg,295,293,345,345,5,metal
kauai_1_1788_11240_7251.jpg,271,261,369,379,3,net cloth
kauai_1_1788_11598_19292.jpg,123,566,221,638,2,unidentified object
kauai_1_1788_12694_14479.jpg,307,307,332,332,1,buoy
kauai_1_1788_13326_15617.jpg,365,153,389,177,1,buoy
kauai_1_1788_3203_30739.jpg,375,150,407,178,2,unidentified object
kauai_1_1788_3402_31493.jpg,277,297,362,340,3,net cloth
kauai_1_1788_4623_27350.jpg,594,0,630,22,2,unidentified object
kauai_1_1788_5046_27067.jpg,171,276,207,305,2,unidentified object
kauai_1_1788_5108_24082.jpg,351,616,379,640,2,unidentified object
kauai_1_1788_5140_25246.jpg,291,296,349,344,2,unidentified object
kauai_1_1788_5448_23981.jpg,71,432,93,454,2,unidentified object
kauai_1_1788_5502_24580.jpg,148,460,175,489,2,unidentified object
kauai_1_1788_5914_25570.jpg,145,265,187,293,2,unidentified object
kauai_1_1788_6427_21596.jpg,278,285,360,355,3,net cloth
kauai_1_1788_6764_21441.jpg,345,145,380,173,2,unidentified object
kauai_1_1788_8495_2588.jpg,427,172,454,198,1,buoy
kauai_1_1788_8824_2525.jpg,205,549,237,582,1,buoy
kauai_1_1788_9009_2917.jpg,36,421,68,454,1,buoy
kauai_1_1788_9988_5861.jpg,310,429,334,452,1,buoy
kauai_1_1833_7287_11557.jpg,302,303,337,335,1,buoy
kauai_1_1834_2232_16044.jpg,308,307,332,332,1,buoy
kauai_1_1834_2934_16049.jpg,4,64,58,89,2,unidentified object
kauai_1_1834_4268_21740.jpg,422,329,452,359,1,buoy
kauai_1_1834_4397_21291.jpg,308,311,330,329,2,unidentified object
kauai_1_1834_7472_28828.jpg,305,307,335,334,2,unidentified object
kauai_1_1877_1865_14731.jpg,280,318,296,337,1,buoy
kauai_1_1877_2905_15501.jpg,306,306,334,335,2,unidentified object
kauai_1_1877_5727_19480.jpg,83,122,109,149,1,buoy
kauai_1_1877_8041_21694.jpg,470,605,495,634,1,buoy
kauai_1_1877_9539_23090.jpg,487,411,514,437,1,buoy
kauai_1_1920_3644_25809.jpg,295,295,345,344,6,tire
kauai_1_1920_6985_22982.jpg,308,308,332,330,1,buoy
kauai_1_1920_9702_19027.jpg,278,297,362,342,2,unidentified object
kauai_1_1963_5727_7035.jpg,257,277,372,397,5,metal
kauai_1_2_1069_10764_13078.jpg,286,272,352,367,3,net cloth
kauai_1_2_1069_10817_15290.jpg,285,287,355,352,3,net cloth
kauai_1_2_1069_6054_514.jpg,6,32,31,65,2,unidentified object
kauai_1_2_1129_8093_33240.jpg,27,272,55,287,2,unidentified object
kauai_1_2_1189_8686_29962.jpg,288,290,350,350,6,tire
kauai_1_2_1248_14992_8598.jpg,256,267,384,370,3,net cloth
kauai_1_2_1309_15602_1364.jpg,307,302,332,339,2,unidentified object
kauai_1_2_2995_10095_12199.jpg,303,303,335,335,2,unidentified object
kauai_1_2_2995_13557_13160.jpg,297,298,342,342,6,tire
kauai_1_2_331_16707_5606.jpg,295,295,345,345,3,net cloth
kauai_1_2_331_16785_5119.jpg,242,287,302,347,3,net cloth
kauai_1_2_3496_7594_6385.jpg,106,291,151,313,2,unidentified object
kauai_1_2_706_-21_15319.jpg,295,295,345,345,3,net cloth
kauai_1_2_75_3630_10215.jpg,275,285,365,355,3,net cloth
kauai_1_2_764_1723_3392.jpg,497,390,528,429,2,unidentified object
kauai_1_2_764_1739_6508.jpg,253,389,278,415,1,buoy
kauai_1_2_764_1873_6875.jpg,233,389,255,410,1,buoy
kauai_1_2_950_4572_9559.jpg,266,350,337,429,6,tire
kauai_1_2_950_4669_9908.jpg,290,143,340,192,6,tire
kauai_1_2004_13964_14543.jpg,292,286,345,354,7,processed wood
kauai_1_2006_2646_10465.jpg,433,77,458,99,2,unidentified object
kauai_1_2006_6137_8865.jpg,152,529,184,567,2,unidentified object
kauai_1_3_1248_9095_11341.jpg,286,262,355,377,3,net cloth
kauai_1_3_704_1064_295.jpg,252,121,278,156,1,buoy
kauai_1_3_704_1136_-131.jpg,222,540,261,572,1,buoy
kauai_1_3_704_1403_940.jpg,325,372,352,399,1,buoy
kauai_1_3_704_1417_345.jpg,172,401,196,428,1,buoy
kauai_1_3_704_1634_2079.jpg,282,372,305,390,1,buoy
kauai_1_3_704_1966_2365.jpg,25,369,49,387,1,buoy
kauai_1_3_704_2845_3639.jpg,59,609,89,637,1,buoy
kauai_1_356_3990_6447.jpg,103,395,136,425,2,unidentified object
kauai_1_402_6754_25853.jpg,303,303,335,337,2,unidentified object
kauai_1_402_7320_18807.jpg,367,253,392,280,2,unidentified object
kauai_1_448_4576_34496.jpg,302,300,337,340,2,unidentified object
kauai_1_448_6254_18471.jpg,464,24,502,63,2,unidentified object
kauai_1_448_8719_25370.jpg,282,362,332,412,6,tire
kauai_1_631_12074_15133.jpg,207,432,235,458,1,buoy
kauai_1_631_12076_15547.jpg,205,19,233,46,1,buoy
kauai_1_631_14622_22614.jpg,323,313,349,340,2,unidentified object
kauai_2_1202_9877_8793.jpg,238,377,355,429,7,processed wood
kauai_2_1262_4257_2475.jpg,295,295,345,345,2,unidentified object
kauai_2_2_105_14573_4977.jpg,27,348,66,387,6,tire
kauai_2_2_105_15595_5086.jpg,41,80,70,108,1,buoy
kauai_2_2_109_16004_638.jpg,306,307,332,332,2,unidentified object
kauai_2_2_117_9979_3502.jpg,272,303,322,354,6,tire
kauai_2_2_271_8666_5668.jpg,272,233,330,292,6,tire
kauai_2_2_279_886_7804.jpg,299,300,340,335,1,buoy
kauai_2_2_3008_575_16860.jpg,301,293,337,345,3,net cloth
kauai_2_2_447_19914_11391.jpg,335,272,404,337,6,tire
kauai_2_2_51_15134_675.jpg,292,297,349,342,3,net cloth
kauai_2_2_51_15888_1147.jpg,286,282,352,357,3,net cloth
kauai_2_2_741_9950_6421.jpg,296,295,345,345,3,net cloth
kauai_2_2_910_6663_474.jpg,307,305,332,335,3,net cloth
kauai_2_901_10555_15433.jpg,276,296,362,344,3,net cloth
lanai_1000_13758_12585.jpg,293,253,345,385,4,line fragment
lanai_1000_15156_9660.jpg,262,220,377,420,3,net cloth
lanai_1165_10183_7727.jpg,256,230,384,410,7,processed wood
lanai_1349_1039_5486.jpg,295,295,345,345,3,net cloth
lanai_1349_10703_20408.jpg,233,225,405,415,3,net cloth
lanai_1448_3332_-157.jpg,186,183,208,205,1,buoy
lanai_1546_14059_5636.jpg,310,308,329,330,2,unidentified object
lanai_1547_13244_18643.jpg,113,280,141,312,2,unidentified object
lanai_1547_8059_14520.jpg,306,306,334,332,3,net cloth
lanai_1547_957_7208.jpg,267,587,302,620,2,unidentified object
lanai_1596_9054_-49.jpg,281,182,302,212,2,unidentified object
lanai_1596_9596_1620.jpg,250,400,270,422,2,unidentified object
lanai_1645_14107_3314.jpg,308,307,332,334,2,unidentified object
lanai_1645_18919_7066.jpg,237,322,256,340,2,unidentified object
lanai_1645_23946_9803.jpg,402,198,432,235,2,unidentified object
lanai_1645_24409_10719.jpg,150,116,175,133,2,unidentified object
lanai_1645_26284_12604.jpg,250,69,278,91,2,unidentified object
lanai_1645_26403_12926.jpg,452,105,477,136,2,unidentified object
lanai_1646_2156_11413.jpg,303,308,337,332,2,unidentified object
lanai_1646_2849_11834.jpg,302,302,337,337,5,metal
lanai_1646_3625_12354.jpg,228,305,251,325,2,unidentified object
lanai_1646_4192_13103.jpg,337,450,357,472,2,unidentified object
lanai_1646_581_9342.jpg,178,370,202,400,2,unidentified object
lanai_1646_95_8900.jpg,345,308,375,339,2,unidentified object
lanai_1646_966_10020.jpg,202,257,257,317,4,line fragment
lanai_169_3134_13774.jpg,362,482,390,504,2,unidentified object
lanai_169_3483_13884.jpg,18,372,43,394,2,unidentified object
lanai_1695_1646_13276.jpg,295,295,345,345,3,net cloth
lanai_1695_8957_19191.jpg,221,203,420,435,8,vessel
lanai_1695_9288_19730.jpg,208,268,257,400,7,processed wood
lanai_1695_9536_20334.jpg,257,298,382,340,7,processed wood
lanai_1743_21494_7639.jpg,293,300,345,340,2,unidentified object
lanai_1744_13744_18047.jpg,162,298,187,318,2,unidentified object
lanai_1744_2246_10333.jpg,295,291,345,349,3,net cloth
lanai_1744_7659_14089.jpg,295,295,344,345,7,processed wood
lanai_1793_10722_16618.jpg,309,311,330,329,1,buoy
lanai_1793_11063_16759.jpg,286,300,354,339,4,line fragment
lanai_1793_12867_19196.jpg,305,303,335,335,5,metal
lanai_1793_13967_18807.jpg,255,252,385,387,7,processed wood
lanai_1793_7585_14159.jpg,310,61,329,82,1,buoy
lanai_1793_7948_14084.jpg,347,367,397,417,3,net cloth
lanai_1841_14994_-284.jpg,260,285,380,355,7,processed wood
lanai_1842_15561_16262.jpg,272,292,359,348,2,unidentified object
lanai_1842_16931_18366.jpg,258,451,285,476,1,buoy
lanai_1842_18283_19183.jpg,209,19,252,49,2,unidentified object
lanai_1842_1888_5089.jpg,295,295,355,345,6,tire
lanai_1842_941_4471.jpg,225,228,415,410,5,metal
lanai_186_22_7013.jpg,307,291,332,347,7,processed wood
lanai_1891_12911_17727.jpg,300,390,325,420,2,unidentified object
lanai_1891_13340_17923.jpg,562,85,582,108,1,buoy
lanai_1891_14857_18399.jpg,498,606,524,628,1,buoy
lanai_1891_18623_19051.jpg,303,303,335,340,3,net cloth
lanai_1891_19942_19781.jpg,300,304,339,335,2,unidentified object
lanai_1891_20344_20394.jpg,55,499,88,532,2,unidentified object
lanai_1891_20473_21068.jpg,135,479,158,504,2,unidentified object
lanai_1891_21843_21731.jpg,260,285,380,345,7,processed wood
lanai_1940_10296_7471.jpg,261,262,379,375,7,processed wood
lanai_1940_7624_4047.jpg,298,301,340,339,2,unidentified object
lanai_1989_18571_11162.jpg,306,303,335,335,6,tire
lanai_1989_23633_15510.jpg,282,295,369,396,4,line fragment
lanai_1989_9111_2564.jpg,298,297,340,344,6,tire
lanai_2038_14470_4661.jpg,545,600,570,625,2,unidentified object
lanai_2038_17754_7004.jpg,308,310,330,332,2,unidentified object
lanai_2038_19665_7860.jpg,287,296,353,347,3,net cloth
lanai_2038_21606_9002.jpg,123,417,143,430,2,unidentified object
lanai_2039_-85_7128.jpg,278,282,362,365,7,processed wood
lanai_2039_1333_10866.jpg,283,277,355,354,7,processed wood
lanai_2087_17822_9992.jpg,307,307,332,332,1,buoy
lanai_2087_17891_10355.jpg,200,242,232,275,2,unidentified object
lanai_2087_23483_16658.jpg,432,392,460,414,2,unidentified object
lanai_2087_24144_16485.jpg,295,295,345,345,3,net cloth
lanai_21_16730_6949.jpg,525,278,565,302,5,metal
lanai_2137_4630_17207.jpg,257,247,382,392,7,processed wood
lanai_2137_7109_19679.jpg,86,141,171,207,7,processed wood
lanai_2186_6884_10984.jpg,355,315,380,339,2,unidentified object
lanai_2186_7053_10625.jpg,273,442,297,462,2,unidentified object
lanai_2377_14631_4273.jpg,305,306,335,335,2,unidentified object
lanai_2377_14726_3867.jpg,308,490,387,589,3,net cloth
lanai_2377_15419_4305.jpg,207,247,432,392,5,metal
lanai_2377_7230_4067.jpg,312,337,372,395,6,tire
lanai_2377_8750_3890.jpg,35,302,78,346,6,tire
lanai_2377_9033_4230.jpg,326,314,356,354,6,tire
lanai_2378_7270_8608.jpg,568,280,602,312,2,unidentified object
lanai_2379_16691_5449.jpg,307,350,330,372,1,buoy
lanai_2379_2504_5970.jpg,302,297,335,337,2,unidentified object
lanai_2380_15515_12375.jpg,231,228,407,410,5,metal
lanai_2380_17444_11247.jpg,0,355,37,387,2,unidentified object
lanai_2411_11711_386.jpg,295,296,345,345,3,net cloth
lanai_2418_13539_10583.jpg,296,296,345,344,6,tire
lanai_2418_25007_14160.jpg,285,299,355,345,2,unidentified object
lanai_2418_7200_10043.jpg,247,302,270,325,2,unidentified object
lanai_2418_8652_9752.jpg,138,223,557,452,8,vessel
lanai_2419_22208_8152.jpg,624,259,640,281,1,buoy
lanai_2420_18_7577.jpg,597,111,624,141,1,buoy
lanai_2420_2443_6496.jpg,287,278,352,360,3,net cloth
lanai_2421_13274_7281.jpg,412,222,442,256,1,buoy
lanai_2422_13711_5782.jpg,502,208,532,232,2,unidentified object
lanai_2422_13866_6124.jpg,146,25,186,53,3,net cloth
lanai_2422_26248_10526.jpg,517,434,548,464,2,unidentified object
lanai_2422_5697_6447.jpg,293,295,345,342,5,metal
lanai_2422_7184_4432.jpg,295,283,345,355,3,net cloth
lanai_2423_2038_8814.jpg,303,305,342,335,1,buoy
lanai_2423_20686_7530.jpg,490,294,519,317,1,buoy
lanai_2423_21084_7293.jpg,616,346,640,373,1,buoy
lanai_2423_21502_7253.jpg,182,544,218,570,1,buoy
lanai_2423_24439_6153.jpg,377,515,407,542,1,buoy
lanai_2423_24824_6576.jpg,0,91,22,120,1,buoy
lanai_2423_25757_6570.jpg,33,162,64,190,1,buoy
lanai_2424_2578_11183.jpg,266,407,292,442,2,unidentified object
lanai_2424_562_11101.jpg,176,477,227,520,2,unidentified object
lanai_2425_11209_12339.jpg,305,302,335,337,2,unidentified object
lanai_2425_11606_12535.jpg,306,306,335,334,2,unidentified object
lanai_2425_12485_12936.jpg,405,362,430,387,1,buoy
lanai_2425_7683_10328.jpg,303,305,335,335,1,buoy
lanai_2426_10269_8891.jpg,225,286,252,325,2,unidentified object
lanai_2426_14900_8767.jpg,202,509,232,535,1,buoy
lanai_2426_9932_8830.jpg,562,347,590,385,2,unidentified object
lanai_2463_10143_9655.jpg,303,302,335,337,3,net cloth
lanai_2463_11704_9525.jpg,282,292,357,347,5,metal
lanai_2463_16644_8602.jpg,308,308,332,330,5,metal
lanai_2463_24074_8111.jpg,507,561,549,601,2,unidentified object
lanai_2463_5169_9634.jpg,307,307,332,332,1,buoy
lanai_2464_-299_9229.jpg,298,220,342,420,7,processed wood
lanai_2465_12921_4862.jpg,590,600,640,632,2,unidentified object
lanai_2465_13318_5168.jpg,0,454,35,487,1,buoy
lanai_2465_18760_6692.jpg,302,306,337,332,2,unidentified object
lanai_2466_20589_14461.jpg,322,256,344,275,2,unidentified object
lanai_2466_3025_7882.jpg,128,527,146,544,1,buoy
lanai_2466_3876_8305.jpg,226,332,247,357,2,unidentified object
lanai_2466_4281_8422.jpg,267,241,295,257,2,unidentified object
lanai_2467_12239_11015.jpg,303,306,335,334,2,unidentified object
lanai_2467_8403_12282.jpg,410,352,434,372,2,unidentified object
lanai_26_10066_78.jpg,286,278,352,362,3,net cloth
lanai_267_12062_15361.jpg,430,612,462,637,1,buoy
lanai_267_2505_-6.jpg,297,298,342,340,2,unidentified object
lanai_267_2836_-34.jpg,295,295,345,345,6,tire
lanai_466_10178_18159.jpg,282,286,355,352,2,unidentified object
lanai_495_10952_17655.jpg,300,305,339,335,2,unidentified object
lanai_546_18523_16042.jpg,306,305,332,335,2,unidentified object
lanai_546_19262_14420.jpg,306,306,332,334,2,unidentified object
lanai_82_17818_1424.jpg,223,232,415,407,3,net cloth
maui_10446_498_5868.jpg,287,258,352,380,3,net cloth
maui_1051_3605_1441.jpg,535,215,575,248,2,unidentified object
maui_1051_7316_4855.jpg,528,329,583,362,2,unidentified object
maui_10699_2821_10849.jpg,270,290,370,349,7,processed wood
maui_10699_3217_11233.jpg,285,0,312,18,2,unidentified object
maui_10699_3228_13018.jpg,218,247,238,266,2,unidentified object
maui_10699_3892_7768.jpg,397,302,422,325,1,buoy
maui_10699_4006_8137.jpg,302,296,339,345,3,net cloth
maui_10952_4950_7077.jpg,261,207,375,431,3,net cloth
maui_11205_8539_5722.jpg,422,307,457,335,2,unidentified object
maui_11229_7397_8819.jpg,252,285,387,355,3,net cloth
maui_11714_11753_11980.jpg,262,198,277,218,2,unidentified object
maui_11714_12306_13004.jpg,317,364,359,410,6,tire
maui_11714_9924_9631.jpg,207,221,225,238,2,unidentified object
maui_12317_13498_906.jpg,290,285,350,355,7,processed wood
maui_12403_5617_5814.jpg,247,600,287,632,2,unidentified object
maui_12909_4607_6422.jpg,292,283,347,355,7,processed wood
maui_1305_4338_1680.jpg,301,301,340,337,2,unidentified object
maui_1305_5685_3606.jpg,589,237,615,268,2,unidentified object
maui_13080_1034_-202.jpg,33,458,70,492,2,unidentified object
maui_15882_5984_4920.jpg,121,494,145,512,2,unidentified object
maui_16644_7700_10430.jpg,390,243,419,272,1,buoy
maui_16644_8175_11576.jpg,429,517,455,544,1,buoy
maui_16644_8285_10166.jpg,364,161,397,190,1,buoy
maui_17403_7469_9555.jpg,298,300,340,340,2,unidentified object
maui_18997_10324_1854.jpg,306,307,334,332,2,unidentified object
maui_18997_10767_1731.jpg,307,307,335,337,2,unidentified object
maui_18998_-258_5226.jpg,287,296,352,345,3,net cloth
maui_18998_9804_13607.jpg,292,292,349,349,7,processed wood
maui_19252_3695_7661.jpg,392,290,425,315,2,unidentified object
maui_20266_6540_14257.jpg,296,302,344,337,3,net cloth
maui_20519_11542_10037.jpg,303,303,335,335,5,metal
maui_20519_6920_2083.jpg,340,412,374,450,2,unidentified object
maui_2070_11565_-43.jpg,594,283,617,306,1,buoy
maui_2070_11949_106.jpg,210,135,233,156,1,buoy
maui_2073_10012_1768.jpg,295,295,345,345,2,unidentified object
maui_2073_9340_2509.jpg,272,271,369,369,7,processed wood
maui_20773_10461_7101.jpg,559,379,602,414,2,unidentified object
maui_21028_2257_1752.jpg,270,270,370,370,3,net cloth
maui_21028_611_713.jpg,177,128,229,188,2,unidentified object
maui_21029_7405_6333.jpg,484,138,549,201,2,unidentified object
maui_22835_9041_1367.jpg,306,305,335,334,2,unidentified object
maui_23329_14355_1241.jpg,198,268,440,370,5,metal
maui_24032_2217_3032.jpg,297,296,340,344,2,unidentified object
maui_24032_2861_2790.jpg,68,169,395,375,7,processed wood
maui_24093_9334_7619.jpg,268,263,370,375,7,processed wood
maui_24286_13166_12110.jpg,285,537,311,564,2,unidentified object
maui_24286_13950_10656.jpg,297,414,339,462,2,unidentified object
maui_24539_10620_12.jpg,171,22,205,48,2,unidentified object
maui_2580_4304_3037.jpg,527,524,549,542,1,buoy
maui_2580_4811_2953.jpg,57,585,83,614,1,buoy
maui_26056_9698_11109.jpg,295,295,345,345,5,metal
maui_26309_7419_4810.jpg,307,306,332,334,2,unidentified object
maui_2796_11758_5655.jpg,270,270,370,370,4,line fragment
maui_2796_12979_6689.jpg,305,301,334,340,7,processed wood
maui_28838_4965_10512.jpg,302,305,337,335,2,unidentified object
maui_292_1518_8272.jpg,276,292,364,347,3,net cloth
maui_29344_2500_14291.jpg,302,303,337,335,2,unidentified object
maui_37140_8700_5648.jpg,151,465,207,535,2,unidentified object
maui_37618_1090_13524.jpg,283,277,357,364,7,processed wood
maui_37886_5350_13062.jpg,271,236,372,386,3,net cloth
maui_38371_7153_31.jpg,280,235,307,257,1,buoy
maui_38371_7154_520.jpg,175,365,205,395,2,unidentified object
maui_38622_11407_12619.jpg,301,298,339,342,7,processed wood
maui_39376_3483_2965.jpg,197,261,221,281,2,unidentified object
maui_41132_12147_10987.jpg,455,311,527,561,7,processed wood
maui_41132_12672_9913.jpg,222,310,258,345,1,buoy
maui_41132_13324_10619.jpg,291,68,318,86,2,unidentified object
maui_41132_14573_3358.jpg,407,472,425,492,1,buoy
maui_41132_8333_10527.jpg,530,463,554,486,1,buoy
maui_41132_8897_10298.jpg,66,377,93,399,2,unidentified object
maui_41133_-252_3348.jpg,343,317,365,338,1,buoy
maui_41133_109_3438.jpg,37,172,61,200,1,buoy
maui_41133_1736_2586.jpg,25,429,49,454,1,buoy
maui_41133_2098_1810.jpg,605,445,630,487,2,unidentified object
maui_41385_4140_2146.jpg,296,298,344,340,3,net cloth
maui_41629_3317_5579.jpg,305,303,334,335,2,unidentified object
maui_41633_3844_9262.jpg,315,257,332,276,2,unidentified object
maui_41635_2270_6482.jpg,276,292,364,349,7,processed wood
maui_41635_4077_6365.jpg,145,213,226,300,5,metal
maui_42105_4430_7419.jpg,268,280,370,360,4,line fragment
maui_4867_5247_2223.jpg,280,277,360,362,7,processed wood
maui_5120_6200_9740.jpg,266,394,293,424,1,buoy
maui_5120_6299_9355.jpg,237,390,262,415,1,buoy
maui_5373_5029_13765.jpg,257,340,286,372,1,buoy
maui_6133_2887_3881.jpg,298,302,340,337,2,unidentified object
maui_6386_3540_1799.jpg,379,250,404,276,1,buoy
maui_6386_3853_2570.jpg,374,243,404,274,1,buoy
maui_6386_4879_4560.jpg,267,283,288,308,2,unidentified object
maui_6386_5185_5125.jpg,383,354,406,380,1,buoy
maui_6386_6876_6638.jpg,190,302,211,332,1,buoy
maui_6640_4339_-136.jpg,306,305,335,335,2,unidentified object
maui_6894_6667_9646.jpg,295,298,344,342,6,tire
maui_787_11091_5702.jpg,577,176,599,197,1,buoy
maui_787_11336_5242.jpg,235,565,268,597,1,buoy
maui_787_11461_5588.jpg,207,290,228,311,1,buoy
maui_787_8271_6933.jpg,301,301,339,340,6,tire
maui_789_1720_5904.jpg,296,293,345,345,5,metal
maui_7909_10284_3120.jpg,283,291,355,349,7,processed wood
maui_8237_2126_1944.jpg,311,308,329,330,1,buoy
maui_8237_697_760.jpg,298,300,340,339,7,processed wood
maui_8485_10411_366.jpg,281,287,359,350,7,processed wood
maui_8486_12057_3745.jpg,288,286,350,352,3,net cloth
maui_8486_2267_3355.jpg,365,267,420,300,2,unidentified object
maui_8486_8207_5298.jpg,293,288,345,352,4,line fragment
maui_8727_11029_10085.jpg,290,288,350,352,6,tire
maui_8750_1926_2210.jpg,342,285,364,303,2,unidentified object
maui_8922_7297_2341.jpg,293,227,324,267,2,unidentified object
maui_9015_5734_13504.jpg,325,28,348,58,1,buoy
maui_9176_7778_2298.jpg,295,290,345,349,3,net cloth
molokai_10297_13299_1531.jpg,101,310,118,335,2,unidentified object
molokai_10297_3281_5202.jpg,295,295,345,345,5,metal
molokai_10513_9033_1058.jpg,255,222,385,417,5,metal
molokai_10515_6758_2422.jpg,283,250,355,390,5,metal
molokai_10517_2548_6487.jpg,202,288,437,350,7,processed wood
molokai_1091_12326_13745.jpg,581,497,606,525,1,buoy
molokai_1091_12936_13816.jpg,83,531,112,556,1,buoy
molokai_1091_12948_14472.jpg,430,255,461,281,1,buoy
molokai_11312_13466_9852.jpg,306,490,339,520,1,buoy
molokai_11453_234_3172.jpg,272,310,367,329,5,metal
molokai_11453_884_3295.jpg,300,302,340,339,6,tire
molokai_12518_12495_1444.jpg,302,307,335,332,2,unidentified object
molokai_12950_3855_5483.jpg,310,306,330,334,3,net cloth
molokai_12976_10500_13118.jpg,292,298,347,342,2,unidentified object
molokai_1301_8368_-104.jpg,128,212,161,241,1,buoy
molokai_1301_8884_1171.jpg,545,553,571,578,1,buoy
molokai_1301_9004_855.jpg,251,585,282,619,1,buoy
molokai_1302_3918_9570.jpg,187,260,223,282,1,buoy
molokai_1302_4126_10839.jpg,327,135,357,165,1,buoy
molokai_1302_5035_11171.jpg,399,489,430,524,1,buoy
molokai_1302_62_3190.jpg,299,300,342,336,2,unidentified object
molokai_1302_7568_14668.jpg,381,29,423,70,2,unidentified object
molokai_1512_10986_4514.jpg,173,267,197,292,1,buoy
molokai_1512_12525_5596.jpg,202,317,237,350,1,buoy
molokai_1512_7470_-246.jpg,448,369,476,396,1,buoy
molokai_1512_8255_789.jpg,195,74,222,100,1,buoy
molokai_1512_8524_1127.jpg,397,431,427,462,1,buoy
molokai_1513_1734_9804.jpg,313,251,344,280,1,buoy
molokai_1513_2110_10119.jpg,116,364,136,382,1,buoy
molokai_1513_2427_10575.jpg,58,197,85,222,1,buoy
molokai_1513_2947_10920.jpg,158,213,187,241,1,buoy
molokai_1513_3506_10868.jpg,291,297,320,329,1,buoy
molokai_1513_3700_11273.jpg,302,303,335,335,1,buoy
molokai_1513_4653_11760.jpg,347,507,385,540,1,buoy
molokai_1513_4985_11918.jpg,16,350,53,382,1,buoy
molokai_1513_8435_14608.jpg,306,216,335,240,1,buoy
molokai_1586_5207_2305.jpg,286,282,354,357,5,metal
molokai_1723_12084_1665.jpg,266,271,374,369,3,net cloth
molokai_1723_13442_3611.jpg,469,145,499,173,1,buoy
molokai_1723_14184_3561.jpg,16,270,40,291,1,buoy
molokai_1723_14573_4097.jpg,44,172,69,192,1,buoy
molokai_1723_14584_3758.jpg,185,612,213,634,1,buoy
molokai_1723_9477_2.jpg,119,487,146,523,2,unidentified object
molokai_1724_-247_4090.jpg,494,252,515,275,1,buoy
molokai_1724_1426_4958.jpg,490,405,520,442,2,unidentified object
molokai_1724_7356_7370.jpg,335,339,360,365,1,buoy
molokai_1724_8245_7681.jpg,602,432,627,460,1,buoy
molokai_1724_8740_7557.jpg,151,515,177,544,1,buoy
molokai_1725_13156_9587.jpg,172,203,198,231,1,buoy
molokai_1725_13394_10093.jpg,197,330,221,352,1,buoy
molokai_1725_1843_7090.jpg,195,390,216,415,1,buoy
molokai_1725_418_6804.jpg,458,552,486,579,1,buoy
molokai_1725_5319_7172.jpg,307,307,332,331,1,buoy
molokai_1725_5971_7236.jpg,0,411,22,436,1,buoy
molokai_1725_9034_8395.jpg,582,167,607,193,1,buoy
molokai_1725_9472_8275.jpg,419,377,447,405,1,buoy
molokai_1725_9788_8295.jpg,110,312,138,344,1,buoy
molokai_1726_-143_8972.jpg,528,7,571,40,2,unidentified object
molokai_1726_1215_8487.jpg,302,301,339,337,2,unidentified object
molokai_1726_3477_8181.jpg,484,390,510,415,2,unidentified object
molokai_1726_4190_8403.jpg,172,535,201,564,1,buoy
molokai_1726_4430_8790.jpg,206,103,260,162,1,buoy
molokai_1728_11809_8118.jpg,191,344,212,372,2,unidentified object
molokai_1940_5274_4466.jpg,194,207,465,540,8,vessel
molokai_1941_3195_4946.jpg,297,296,340,342,6,tire
molokai_1941_4582_4371.jpg,283,283,357,355,3,net cloth
molokai_1943_189_184.jpg,257,252,382,387,3,net cloth
molokai_1944_11237_10965.jpg,273,287,365,354,3,net cloth
molokai_1950_1652_12775.jpg,66,203,96,222,2,unidentified object
molokai_1950_2578_13383.jpg,296,293,345,345,3,net cloth
molokai_1951_2379_6636.jpg,295,291,345,347,3,net cloth
molokai_2163_7021_2682.jpg,293,305,345,335,2,unidentified object
molokai_2166_10218_8963.jpg,197,15,240,50,1,buoy
molokai_2168_5695_7279.jpg,327,587,355,620,1,buoy
molokai_2168_5865_7641.jpg,182,5,208,32,1,buoy
molokai_2168_6362_7264.jpg,307,301,335,333,1,buoy
molokai_2600_11335_9423.jpg,305,305,334,335,1,buoy
molokai_2601_11355_12582.jpg,352,417,390,457,1,buoy
molokai_2646_7450_6455.jpg,355,167,400,207,1,buoy
molokai_2856_8484_1107.jpg,467,252,494,281,1,buoy
molokai_3066_6105_234.jpg,40,340,76,379,1,buoy
molokai_3252_11092_38.jpg,548,171,578,204,1,buoy
molokai_3470_13542_5094.jpg,300,300,340,339,5,metal
molokai_3548_8344_4812.jpg,303,302,335,337,1,buoy
molokai_3550_1782_4594.jpg,42,286,83,330,1,buoy
molokai_3754_10814_4390.jpg,253,272,387,367,4,line fragment
molokai_3754_7750_5080.jpg,452,281,482,307,2,unidentified object
molokai_3755_6815_11922.jpg,285,287,355,352,4,line fragment
molokai_3755_8108_12325.jpg,342,123,379,150,2,unidentified object
molokai_3908_11044_9786.jpg,304,302,333,334,1,buoy
molokai_3958_12886_4117.jpg,510,590,539,621,1,buoy
molokai_3958_12935_3790.jpg,137,142,169,170,1,buoy
molokai_4190_9462_13371.jpg,370,390,389,415,1,buoy
molokai_4400_7997_14641.jpg,311,193,331,226,2,unidentified object
molokai_444_1393_2974.jpg,293,296,345,345,3,net cloth
molokai_456_10663_12795.jpg,537,411,559,435,1,buoy
molokai_4610_7864_710.jpg,377,223,417,255,2,unidentified object
molokai_4610_8098_-87.jpg,320,215,347,240,2,unidentified object
molokai_4610_8378_13151.jpg,172,390,205,424,2,unidentified object
molokai_4610_8410_9353.jpg,297,286,342,354,3,net cloth
molokai_5459_4239_12993.jpg,207,85,226,103,1,buoy
molokai_5669_3598_3897.jpg,591,523,614,547,1,buoy
molokai_5878_5623_7686.jpg,271,51,288,81,1,buoy
molokai_5878_5651_7296.jpg,212,577,236,602,1,buoy
molokai_5878_6160_7775.jpg,293,301,345,337,3,net cloth
molokai_5878_7643_3426.jpg,512,457,535,484,1,buoy
molokai_5878_7777_3800.jpg,47,483,75,510,1,buoy
molokai_6506_9212_13221.jpg,272,230,301,251,1,buoy
molokai_6507_-187_3956.jpg,226,287,262,324,1,buoy
molokai_6507_127_3840.jpg,0,406,36,472,2,unidentified object
molokai_656_13945_5167.jpg,382,310,414,340,1,buoy
molokai_660_-38_6770.jpg,230,258,410,380,4,line fragment
molokai_660_13942_7636.jpg,208,616,229,635,1,buoy
molokai_660_14259_7754.jpg,0,190,20,216,1,buoy
molokai_667_10167_8235.jpg,7,128,39,155,1,buoy
molokai_667_14644_9898.jpg,191,304,231,339,1,buoy
molokai_667_9834_8179.jpg,106,93,132,119,1,buoy
molokai_6716_1402_14297.jpg,306,305,335,335,2,unidentified object
molokai_6716_5012_10945.jpg,405,148,425,175,1,buoy
molokai_6716_9465_4122.jpg,287,302,354,337,2,unidentified object
molokai_6716_9636_3432.jpg,183,412,227,440,2,unidentified object
molokai_6925_11855_3929.jpg,532,37,552,60,1,buoy
molokai_6925_12230_3473.jpg,57,384,85,412,1,buoy
molokai_6926_-118_936.jpg,529,4,560,30,1,buoy
molokai_6926_282_587.jpg,128,354,161,380,1,buoy
molokai_7135_6719_4832.jpg,291,295,349,345,2,unidentified object
molokai_7344_874_9779.jpg,306,305,332,335,2,unidentified object
molokai_7971_10570_6719.jpg,270,569,294,592,1,buoy
molokai_7985_13620_14337.jpg,18,102,532,489,5,metal
molokai_8196_3057_5234.jpg,303,300,337,340,2,unidentified object
molokai_8389_12982_4218.jpg,298,303,340,335,3,net cloth
molokai_879_3230_4172.jpg,191,352,221,392,2,unidentified object
molokai_879_4055_4290.jpg,496,595,558,637,7,processed wood
molokai_879_939_3346.jpg,69,246,106,282,1,buoy
molokai_880_5947_5539.jpg,301,296,340,342,2,unidentified object
molokai_880_6216_5862.jpg,306,305,333,333,1,buoy
molokai_880_6760_6787.jpg,307,307,332,332,1,buoy
molokai_880_7589_7208.jpg,512,349,539,375,1,buoy
molokai_880_7913_7250.jpg,397,593,419,618,1,buoy
molokai_9435_438_6839.jpg,296,298,342,342,6,tire
molokai_9524_11512_8203.jpg,272,250,350,393,7,processed wood
molokai_9525_6557_9116.jpg,203,191,435,449,8,vessel
niihau_1_1130_16634_16366.jpg,115,395,246,575,8,vessel
niihau_1_1171_13273_12690.jpg,592,602,619,622,2,unidentified object
niihau_1_1171_19103_2678.jpg,363,190,391,222,1,buoy
niihau_1_1253_11171_18841.jpg,307,307,332,334,1,buoy
niihau_1_1253_21758_1273.jpg,293,288,347,350,4,line fragment
niihau_1_1253_23761_3032.jpg,544,47,563,69,1,buoy
niihau_1_1254_197_3352.jpg,326,204,351,227,1,buoy
niihau_1_1254_92_3028.jpg,432,527,456,550,1,buoy
niihau_1_1294_12685_9724.jpg,302,303,337,335,2,unidentified object
niihau_1_1294_19721_10265.jpg,306,302,335,337,3,net cloth
niihau_1_1296_2234_5745.jpg,277,267,362,374,3,net cloth
niihau_1_1296_23468_1411.jpg,332,527,358,549,1,buoy
niihau_1_1337_10813_15698.jpg,303,302,335,337,2,unidentified object
niihau_1_1422_8437_145.jpg,0,463,23,489,2,unidentified object
niihau_1_1463_10909_13296.jpg,298,302,340,335,2,unidentified object
niihau_1_1505_9294_13174.jpg,290,290,349,350,5,metal
niihau_1_1546_16155_13210.jpg,478,84,503,109,1,buoy
niihau_1_1546_7290_19351.jpg,307,307,332,334,1,buoy
niihau_1_1546_9638_17976.jpg,267,558,287,578,2,unidentified object
niihau_1_1587_21452_1289.jpg,282,282,357,357,4,line fragment
niihau_1_1587_5615_22087.jpg,309,308,333,335,1,buoy
niihau_1_1587_7139_20367.jpg,586,367,611,394,1,buoy
niihau_1_1587_7814_20141.jpg,307,306,332,335,1,buoy
niihau_1_1628_1219_1830.jpg,440,404,469,429,1,buoy
niihau_1_1628_1536_1697.jpg,56,315,86,342,1,buoy
niihau_1_1708_19135_8696.jpg,617,422,637,440,1,buoy
niihau_1_1749_4010_22485.jpg,194,40,218,61,2,unidentified object
niihau_1_1749_6177_17104.jpg,332,390,355,415,2,unidentified object
niihau_1_1829_19818_7193.jpg,310,308,334,331,1,buoy
niihau_1_1910_13549_13783.jpg,408,484,433,510,1,buoy
niihau_1_1910_14409_13802.jpg,74,515,94,540,2,unidentified object
niihau_1_1910_14863_13038.jpg,298,292,340,345,4,line fragment
niihau_1_1910_15751_14036.jpg,282,198,334,238,3,net cloth
niihau_1_1910_16352_13624.jpg,118,410,141,432,1,buoy
niihau_1_1910_17447_12656.jpg,555,568,578,590,1,buoy
niihau_1_1910_898_19874.jpg,60,524,89,559,1,buoy
niihau_1_1920_11836_5396.jpg,542,441,572,473,1,buoy
niihau_1_1920_12055_5026.jpg,121,567,162,595,2,unidentified object
niihau_1_1920_17450_3490.jpg,479,421,504,443,1,buoy
niihau_1_1920_18395_3804.jpg,303,305,337,334,2,unidentified object
niihau_1_1920_18916_3934.jpg,332,346,352,366,1,buoy
niihau_1_1920_19509_3968.jpg,259,489,287,516,1,buoy
niihau_1_1920_9486_5165.jpg,313,528,344,561,1,buoy
niihau_1_1920_9630_4848.jpg,222,439,262,479,2,unidentified object
niihau_1_1951_5112_3882.jpg,307,297,334,340,3,net cloth
niihau_1_1953_13474_1562.jpg,510,50,541,80,1,buoy
niihau_1_1953_2389_10013.jpg,597,478,621,508,1,buoy
niihau_1_1956_-34_13892.jpg,424,230,450,257,1,buoy
niihau_1_1956_366_13563.jpg,135,146,164,176,1,buoy
niihau_1_1957_13002_13336.jpg,293,301,352,350,1,buoy
niihau_1_1957_1978_13333.jpg,308,307,330,332,1,buoy
niihau_1_1957_20869_10324.jpg,300,298,347,340,4,line fragment
niihau_1_1958_1457_10776.jpg,462,120,489,148,2,unidentified object
niihau_1_1958_4255_8461.jpg,292,286,347,354,3,net cloth
niihau_1_1959_11219_13491.jpg,305,307,329,332,2,unidentified object
niihau_1_1959_12065_12591.jpg,180,612,205,639,1,buoy
niihau_1_1959_12103_12073.jpg,161,327,187,350,2,unidentified object
niihau_1_1959_12169_12904.jpg,75,298,101,325,1,buoy
niihau_1_1959_13212_12798.jpg,167,465,195,480,2,unidentified object
niihau_1_1959_13223_13609.jpg,120,17,161,51,2,unidentified object
niihau_1_1959_13670_13809.jpg,255,280,385,359,4,line fragment
niihau_1_1959_14804_13236.jpg,270,267,370,370,3,net cloth
niihau_1_1959_15459_14395.jpg,296,305,345,335,2,unidentified object
niihau_1_1959_2045_5602.jpg,153,192,177,216,1,buoy
niihau_1_1959_4396_6847.jpg,177,457,207,490,1,buoy
niihau_1_1959_4679_7175.jpg,11,315,40,342,1,buoy
niihau_1_1959_4705_7544.jpg,394,110,427,141,1,buoy
niihau_1_1959_5711_8533.jpg,606,586,631,613,1,buoy
niihau_1_1959_7251_10757.jpg,73,199,98,225,1,buoy
niihau_1_1959_8804_11030.jpg,462,405,494,434,2,unidentified object
niihau_1_1959_9253_11394.jpg,355,197,380,222,1,buoy
niihau_1_1959_9831_12576.jpg,290,288,350,350,3,net cloth
niihau_1_1960_1080_6589.jpg,302,302,337,339,6,tire
niihau_1_1960_1676_8354.jpg,292,296,347,342,2,unidentified object
niihau_1_1960_1997_9575.jpg,373,200,399,228,1,buoy
niihau_1_1960_2633_9841.jpg,221,50,253,83,1,buoy
niihau_1_1994_16686_13302.jpg,232,351,255,375,1,buoy
niihau_1_1994_16823_12215.jpg,305,303,334,335,1,buoy
niihau_1_1998_17802_3785.jpg,290,255,350,384,3,net cloth
niihau_1_1998_6682_5959.jpg,567,146,597,177,1,buoy
niihau_1_201_15921_3111.jpg,277,285,362,355,3,net cloth
niihau_1_201_25860_6614.jpg,60,539,97,579,2,unidentified object
niihau_1_361_8555_12897.jpg,359,241,400,300,3,net cloth
niihau_1_361_9180_16341.jpg,273,260,365,379,3,net cloth
niihau_1_361_9550_16467.jpg,68,29,111,103,7,processed wood
niihau_1_401_10018_4886.jpg,291,379,316,404,1,buoy
niihau_1_401_10109_4422.jpg,410,602,432,625,1,buoy
niihau_1_401_9709_4565.jpg,492,78,529,108,2,unidentified object
niihau_1_441_11574_13874.jpg,221,509,241,530,1,buoy
niihau_1_481_7968_6631.jpg,378,612,420,640,2,unidentified object
niihau_1_521_1531_3607.jpg,192,320,223,352,1,buoy
niihau_1_601_11934_12348.jpg,252,258,387,380,7,processed wood
niihau_1_683_16131_14511.jpg,295,295,345,345,3,net cloth
niihau_1_724_7532_842.jpg,296,237,325,266,1,buoy
niihau_1_724_7546_5105.jpg,300,295,340,344,2,unidentified object
niihau_1_804_2504_23196.jpg,288,291,350,347,4,line fragment
niihau_1_804_5758_13972.jpg,293,288,345,350,1,buoy
niihau_1_925_11956_1052.jpg,302,305,337,335,1,buoy
niihau_2_1090_7197_4511.jpg,481,180,513,213,1,buoy
niihau_2_1091_1896_27992.jpg,527,593,560,626,1,buoy
niihau_2_1091_2286_28703.jpg,295,325,325,352,1,buoy
niihau_2_1091_4804_33026.jpg,220,600,245,630,1,buoy
niihau_2_1139_8332_1045.jpg,143,221,166,244,2,unidentified object
niihau_2_1139_8462_1394.jpg,234,370,266,402,1,buoy
niihau_2_1140_265_4063.jpg,188,445,215,474,2,unidentified object
niihau_2_1140_5921_29526.jpg,349,245,407,295,1,buoy
niihau_2_1189_10182_32223.jpg,306,306,334,332,1,buoy
niihau_2_1189_10447_33138.jpg,248,188,286,234,2,unidentified object
niihau_2_1189_8303_8193.jpg,154,553,178,579,1,buoy
niihau_2_1189_8950_26022.jpg,82,318,115,362,2,unidentified object
niihau_2_1189_9832_400.jpg,450,303,484,327,2,unidentified object
niihau_2_1239_9409_29747.jpg,257,372,285,397,1,buoy
niihau_2_1240_1420_23841.jpg,291,285,349,355,7,processed wood
niihau_2_1240_5306_10571.jpg,293,288,345,350,3,net cloth
niihau_2_1290_10068_24832.jpg,305,303,334,337,1,buoy
niihau_2_1290_12774_9172.jpg,372,275,399,306,1,buoy
niihau_2_1341_1293_31351.jpg,222,445,257,480,1,buoy
niihau_2_1341_2442_28116.jpg,197,565,226,595,1,buoy
niihau_2_1341_3202_26636.jpg,330,256,362,287,1,buoy
niihau_2_1341_3707_25814.jpg,335,197,367,236,1,buoy
niihau_2_1341_8337_9527.jpg,242,329,264,350,1,buoy
niihau_2_1391_10168_21147.jpg,258,227,380,412,3,net cloth
niihau_2_1391_10227_16842.jpg,288,70,320,100,1,buoy
niihau_2_1391_10423_16050.jpg,327,20,355,49,1,buoy
niihau_2_1391_10433_16405.jpg,178,115,211,146,1,buoy
niihau_2_1391_10541_15695.jpg,396,127,424,156,1,buoy
niihau_2_1391_10858_14287.jpg,420,425,447,460,1,buoy
niihau_2_1391_10936_13267.jpg,316,75,350,108,1,buoy
niihau_2_1391_10970_10278.jpg,540,315,577,345,1,buoy
niihau_2_1391_10970_12368.jpg,444,454,467,480,1,buoy
niihau_2_1391_10988_12905.jpg,269,439,295,468,1,buoy
niihau_2_1391_10995_13850.jpg,187,183,208,208,1,buoy
niihau_2_1391_11002_14653.jpg,276,60,302,95,1,buoy
niihau_2_1391_11017_10986.jpg,514,316,542,342,1,buoy
niihau_2_1391_11191_11822.jpg,281,143,312,172,1,buoy
niihau_2_1391_11210_9216.jpg,544,160,569,186,1,buoy
niihau_2_1391_11232_11353.jpg,215,258,248,296,1,buoy
niihau_2_1391_11260_10677.jpg,296,81,320,108,1,buoy
niihau_2_1391_11272_9629.jpg,587,81,617,108,1,buoy
niihau_2_1391_11304_10118.jpg,225,382,278,457,1,buoy
niihau_2_1391_11349_7435.jpg,602,80,624,106,1,buoy
niihau_2_1391_11380_7806.jpg,355,280,391,316,2,unidentified object
niihau_2_1391_11452_8852.jpg,250,609,280,637,1,buoy
niihau_2_1391_11602_9287.jpg,148,222,177,248,1,buoy
niihau_2_1391_11732_7280.jpg,220,235,241,261,1,buoy
niihau_2_1391_11794_6928.jpg,158,587,178,612,1,buoy
niihau_2_1391_11882_7880.jpg,294,511,320,546,2,unidentified object
niihau_2_1391_8393_28533.jpg,292,292,347,347,3,net cloth
niihau_2_1392_-84_7311.jpg,216,427,242,454,1,buoy
niihau_2_1392_12_6950.jpg,387,425,417,455,1,buoy
niihau_2_1392_1514_4035.jpg,187,421,212,448,1,buoy
niihau_2_1392_1544_3710.jpg,256,80,281,107,1,buoy
niihau_2_1392_1884_3793.jpg,212,263,237,291,1,buoy
niihau_2_1442_9018_20476.jpg,292,283,347,355,1,buoy
niihau_2_1443_14650_2083.jpg,264,34,294,63,1,buoy
niihau_2_1443_14996_2340.jpg,222,390,320,453,3,net cloth
niihau_2_1443_1542_19434.jpg,362,420,390,449,1,buoy
niihau_2_1443_1642_19861.jpg,262,0,291,22,1,buoy
niihau_2_1443_1932_19505.jpg,93,312,121,334,2,unidentified object
niihau_2_1443_2007_18835.jpg,535,303,565,332,1,buoy
niihau_2_1443_2361_19012.jpg,93,195,123,221,1,buoy
niihau_2_1443_2704_18820.jpg,291,306,350,332,2,unidentified object
niihau_2_1443_3440_19315.jpg,301,582,329,609,1,buoy
niihau_2_1443_3535_19685.jpg,206,212,233,238,1,buoy
niihau_2_1443_3937_18135.jpg,322,246,344,271,1,buoy
niihau_2_1443_4167_19504.jpg,270,137,297,163,1,buoy
niihau_2_1443_4170_17778.jpg,567,185,590,207,1,buoy
niihau_2_1443_4813_18567.jpg,182,186,242,238,2,unidentified object
niihau_2_1443_6135_16330.jpg,453,377,482,406,1,buoy
niihau_2_1493_6569_32523.jpg,271,41,299,72,1,buoy
niihau_2_1493_6768_32944.jpg,306,300,335,339,2,unidentified object
niihau_2_1493_8503_17214.jpg,196,69,233,108,6,tire
niihau_2_1493_8744_21697.jpg,330,567,357,595,1,buoy
niihau_2_1493_8972_20061.jpg,182,341,204,375,1,buoy
niihau_2_1493_9310_20022.jpg,600,579,621,600,1,buoy
niihau_2_1494_-225_27987.jpg,345,167,367,188,2,unidentified object
niihau_2_1494_1635_9530.jpg,188,512,217,540,1,buoy
niihau_2_1494_233_24750.jpg,266,519,308,563,2,unidentified object
niihau_2_1494_2884_6732.jpg,505,7,532,34,1,buoy
niihau_2_1544_10027_19269.jpg,505,328,535,358,1,buoy
niihau_2_1544_11561_16963.jpg,303,474,335,502,1,buoy
niihau_2_1544_15615_12955.jpg,221,604,257,637,2,unidentified object
niihau_2_1544_15673_13276.jpg,317,342,339,357,1,buoy
niihau_2_1544_9064_20501.jpg,306,307,332,334,2,unidentified object
niihau_2_1544_9577_19526.jpg,36,5,61,32,1,buoy
niihau_2_1545_10614_11714.jpg,362,291,385,320,2,unidentified object
niihau_2_1545_1099_22701.jpg,415,361,446,393,1,buoy
niihau_2_1545_11001_11427.jpg,72,25,101,52,1,buoy
niihau_2_1545_11010_12403.jpg,302,303,337,335,1,buoy
niihau_2_1545_1124_22315.jpg,271,49,292,73,2,unidentified object
niihau_2_1545_11966_8062.jpg,162,464,190,495,1,buoy
niihau_2_1545_12811_1027.jpg,397,211,424,246,2,unidentified object
niihau_2_1545_13190_-309.jpg,307,308,332,332,1,buoy
niihau_2_1545_3734_20255.jpg,433,211,460,236,1,buoy
niihau_2_1545_5523_19072.jpg,364,470,390,500,1,buoy
niihau_2_1545_6124_19002.jpg,273,315,293,335,1,buoy
niihau_2_1545_6191_17947.jpg,542,500,564,520,1,buoy
niihau_2_1545_724_22079.jpg,306,307,334,332,2,unidentified object
niihau_2_1545_754_22499.jpg,128,594,152,615,1,buoy
niihau_2_1545_9461_15016.jpg,577,388,599,409,1,buoy
niihau_2_1595_6476_13856.jpg,305,306,335,334,1,buoy
niihau_2_1595_8490_10733.jpg,185,311,207,335,1,buoy
niihau_2_1595_8845_9993.jpg,370,454,405,489,1,buoy
niihau_2_1596_463_16733.jpg,277,277,362,360,2,unidentified object
niihau_2_1597_-63_5169.jpg,178,156,212,192,2,unidentified object
niihau_2_1597_10430_7104.jpg,444,117,512,177,6,tire
niihau_2_1597_10726_6243.jpg,128,472,352,640,8,vessel
niihau_2_1597_11138_6707.jpg,0,209,281,430,7,processed wood
niihau_2_1597_11888_8118.jpg,271,271,369,369,5,metal
niihau_2_1597_12880_10111.jpg,302,301,337,339,6,tire
niihau_2_1597_12972_11226.jpg,295,293,345,345,3,net cloth
niihau_2_1597_15073_11831.jpg,121,248,143,271,1,buoy
niihau_2_1597_8789_7060.jpg,592,43,622,63,2,unidentified object
niihau_2_1597_8827_6541.jpg,235,43,258,77,2,unidentified object
niihau_2_1597_9249_7387.jpg,100,272,131,313,2,unidentified object
niihau_2_1599_-211_22190.jpg,336,289,358,313,1,buoy
niihau_2_1599_1323_21499.jpg,382,263,427,337,3,net cloth
niihau_2_1599_416_22056.jpg,252,235,272,257,1,buoy
niihau_2_1599_991_21274.jpg,210,293,350,395,7,processed wood
niihau_2_1600_285_8319.jpg,297,536,325,568,1,buoy
niihau_2_1649_10311_6881.jpg,380,472,402,497,1,buoy
niihau_2_1649_10615_7355.jpg,362,337,390,364,1,buoy
niihau_2_1649_8281_2949.jpg,295,295,345,345,2,unidentified object
niihau_2_1649_8335_583.jpg,312,43,335,68,1,buoy
niihau_2_1649_9625_4576.jpg,44,597,65,618,1,buoy
niihau_2_1650_4352_25659.jpg,263,261,375,379,5,metal
niihau_2_1650_4739_32925.jpg,593,117,616,144,1,buoy
niihau_2_1650_4814_22207.jpg,462,369,500,402,1,buoy
niihau_2_1650_4888_21861.jpg,352,407,382,440,1,buoy
niihau_2_1650_4975_19349.jpg,286,247,355,390,5,metal
niihau_2_1650_5219_31759.jpg,334,231,357,256,1,buoy
niihau_2_1650_5253_32312.jpg,27,252,58,282,1,buoy
niihau_2_1650_6129_30320.jpg,157,92,183,117,1,buoy
niihau_2_1650_6237_29026.jpg,255,344,280,367,1,buoy
niihau_2_1698_12099_2438.jpg,143,191,173,217,1,buoy
niihau_2_1698_12599_12221.jpg,100,313,125,340,1,buoy
niihau_2_1698_12613_11860.jpg,375,55,405,83,1,buoy
niihau_2_1698_12672_3942.jpg,262,285,377,355,4,line fragment
niihau_2_1698_12783_15993.jpg,197,110,230,145,1,buoy
niihau_2_1698_13113_11468.jpg,307,307,332,332,1,buoy
niihau_2_1698_13168_16041.jpg,160,121,181,143,1,buoy
niihau_2_1698_13228_15654.jpg,138,24,159,47,1,buoy
niihau_2_1698_14052_10497.jpg,283,128,311,153,1,buoy
niihau_2_1698_14084_6083.jpg,482,600,510,627,1,buoy
niihau_2_1698_14169_14948.jpg,265,295,375,345,2,unidentified object
niihau_2_1698_14207_6702.jpg,376,316,397,337,1,buoy
niihau_2_1698_14386_10480.jpg,24,160,60,192,2,unidentified object
niihau_2_1698_14416_6333.jpg,25,210,50,238,1,buoy
niihau_2_1698_14492_14397.jpg,182,394,212,424,2,unidentified object
niihau_2_1698_14508_17251.jpg,267,185,292,213,1,buoy
niihau_2_1698_14512_6981.jpg,94,306,123,336,1,buoy
niihau_2_1699_-277_10032.jpg,305,141,335,180,2,unidentified object
niihau_2_1699_-295_14397.jpg,296,240,592,406,3,net cloth
niihau_2_1699_-93_16940.jpg,144,136,177,159,2,unidentified object
niihau_2_1699_12104_31888.jpg,417,241,445,272,1,buoy
niihau_2_1699_1256_16393.jpg,256,338,284,367,1,buoy
niihau_2_1699_1442_16737.jpg,71,0,95,19,1,buoy
niihau_2_1699_1581_13552.jpg,305,305,335,335,2,unidentified object
niihau_2_1699_7629_22321.jpg,253,551,275,572,1,buoy
niihau_2_1699_8_7415.jpg,387,507,417,532,1,buoy
niihau_2_1699_868_14775.jpg,135,396,162,422,1,buoy
niihau_2_204_4549_7831.jpg,277,298,296,317,1,buoy
niihau_2_204_6862_4641.jpg,153,22,178,52,1,buoy
niihau_2_204_7251_4430.jpg,61,380,101,415,2,unidentified object
niihau_2_204_8365_2562.jpg,51,399,81,429,1,buoy
niihau_2_204_8523_20924.jpg,305,302,335,335,2,unidentified object
niihau_2_204_9735_406.jpg,205,232,232,261,1,buoy
niihau_2_306_6404_9243.jpg,172,490,207,520,1,buoy
niihau_2_356_11655_14083.jpg,261,192,283,213,1,buoy
niihau_2_356_7284_19889.jpg,277,276,362,364,7,processed wood
niihau_2_357_1857_22129.jpg,295,293,345,345,3,net cloth
niihau_2_408_14103_10563.jpg,380,242,412,275,1,buoy
niihau_2_408_1845_25641.jpg,225,83,250,113,1,buoy
niihau_2_408_2007_25184.jpg,63,543,88,569,1,buoy
niihau_2_408_2209_25801.jpg,400,117,427,142,1,buoy
niihau_2_408_2391_25163.jpg,559,116,586,141,1,buoy
niihau_2_408_3285_27495.jpg,395,247,424,282,1,buoy
niihau_2_408_4090_23800.jpg,173,354,195,374,1,buoy
niihau_2_409_-95_5278.jpg,305,305,334,334,1,buoy
niihau_2_459_10458_15277.jpg,402,499,464,555,3,net cloth
niihau_2_459_12026_13988.jpg,277,270,362,369,3,net cloth
niihau_2_459_12710_9276.jpg,144,176,168,202,1,buoy
niihau_2_459_13182_8980.jpg,65,81,92,113,2,unidentified object
niihau_2_459_13209_10892.jpg,24,37,55,69,2,unidentified object
niihau_2_459_13860_7007.jpg,380,105,409,134,1,buoy
niihau_2_459_13888_7345.jpg,172,317,193,340,1,buoy
niihau_2_459_4842_22017.jpg,220,405,242,425,2,unidentified object
niihau_2_459_5189_19805.jpg,444,258,469,282,1,buoy
niihau_2_459_5961_20188.jpg,307,306,334,334,1,buoy
niihau_2_459_6743_18618.jpg,303,361,329,387,1,buoy
niihau_2_459_7443_17848.jpg,25,551,55,581,1,buoy
niihau_2_459_7791_18162.jpg,261,293,290,322,1,buoy
niihau_2_459_9731_15808.jpg,310,394,332,420,1,buoy
niihau_2_51_10665_20220.jpg,609,499,634,522,1,buoy
niihau_2_51_7288_12516.jpg,278,280,302,307,1,buoy
niihau_2_51_7308_14354.jpg,32,145,60,176,1,buoy
niihau_2_51_9456_18823.jpg,258,246,382,392,3,net cloth
niihau_2_510_7419_12308.jpg,232,389,261,415,1,buoy
niihau_2_510_7698_13491.jpg,511,370,536,400,1,buoy
niihau_2_510_7720_11277.jpg,295,311,312,332,1,buoy
niihau_2_510_8019_17907.jpg,460,385,487,412,2,unidentified object
niihau_2_510_8033_13446.jpg,172,415,206,445,1,buoy
niihau_2_510_8104_11262.jpg,555,253,577,281,1,buoy
niihau_2_510_8117_10903.jpg,180,324,202,345,1,buoy
niihau_2_510_8349_17966.jpg,131,325,158,354,2,unidentified object
niihau_2_510_9063_11305.jpg,590,232,629,302,1,buoy
niihau_2_510_9291_10913.jpg,397,113,424,141,1,buoy
niihau_2_510_9355_13527.jpg,228,332,310,382,3,net cloth
niihau_2_510_9460_11251.jpg,255,538,278,565,1,buoy
niihau_2_510_9466_10599.jpg,268,0,295,18,1,buoy
niihau_2_511_-214_21453.jpg,414,561,440,580,1,buoy
niihau_2_511_-249_20952.jpg,527,407,552,435,1,buoy
niihau_2_511_-309_23729.jpg,577,160,640,203,3,net cloth
niihau_2_511_1073_15311.jpg,32,247,56,282,2,unidentified object
niihau_2_511_129_23025.jpg,340,512,377,540,2,unidentified object
niihau_2_511_132_20268.jpg,420,181,439,205,1,buoy
niihau_2_511_16_19835.jpg,393,79,416,101,1,buoy
niihau_2_511_5061_5758.jpg,372,555,395,584,1,buoy
niihau_2_511_775_13843.jpg,295,296,322,325,1,buoy
niihau_2_511_7752_2859.jpg,450,345,484,380,1,buoy
niihau_2_511_8069_2845.jpg,40,422,68,454,1,buoy
niihau_2_511_8964_2258.jpg,354,412,380,440,1,buoy
niihau_2_511_9211_1670.jpg,307,307,327,332,1,buoy
niihau_2_511_9324_2206.jpg,69,429,95,455,1,buoy
niihau_2_511_9362_1338.jpg,463,139,489,166,1,buoy
niihau_2_511_9595_1657.jpg,459,181,479,201,1,buoy
niihau_2_561_10971_6673.jpg,276,337,299,363,1,buoy
niihau_2_562_-84_27724.jpg,210,90,232,113,1,buoy
niihau_2_562_12967_4876.jpg,309,306,335,330,1,buoy
niihau_2_562_16036_3278.jpg,33,2,52,22,1,buoy
niihau_2_562_2263_25053.jpg,360,140,384,163,1,buoy
niihau_2_562_2611_24066.jpg,407,375,430,402,1,buoy
niihau_2_562_3148_23362.jpg,26,477,55,507,1,buoy
niihau_2_562_4864_22825.jpg,104,369,128,393,1,buoy
niihau_2_562_8730_19909.jpg,298,295,342,344,2,unidentified object
niihau_2_613_11269_16850.jpg,427,607,454,632,1,buoy
niihau_2_613_11331_17183.jpg,144,5,169,30,1,buoy
niihau_2_613_13229_14602.jpg,417,270,442,293,1,buoy
niihau_2_613_5809_23465.jpg,574,380,592,402,1,buoy
niihau_2_613_6248_23203.jpg,242,527,271,555,1,buoy
niihau_2_613_6575_23129.jpg,576,126,630,181,1,buoy
niihau_2_613_7075_23028.jpg,277,231,302,262,1,buoy
niihau_2_613_9238_18926.jpg,421,617,445,638,1,buoy
niihau_2_613_9526_18589.jpg,32,599,53,622,1,buoy
niihau_2_614_2108_3526.jpg,437,193,465,218,1,buoy
niihau_2_614_2244_3207.jpg,68,439,101,467,1,buoy
niihau_2_614_6262_-33.jpg,123,583,152,610,1,buoy
niihau_2_614_6584_62.jpg,35,61,69,97,2,unidentified object
niihau_2_664_10764_14858.jpg,400,149,425,175,1,buoy
niihau_2_664_10800_14466.jpg,0,354,20,380,1,buoy
niihau_2_664_12701_7218.jpg,405,432,438,467,1,buoy
niihau_2_664_12983_7640.jpg,556,560,583,587,1,buoy
niihau_2_664_13529_9178.jpg,307,306,330,334,1,buoy
niihau_2_664_14859_9123.jpg,291,145,327,182,2,unidentified object
niihau_2_664_5863_16171.jpg,297,256,320,277,1,buoy
niihau_2_664_6464_22885.jpg,256,236,279,263,2,unidentified object
niihau_2_664_7635_15287.jpg,5,587,43,635,2,unidentified object
niihau_2_664_7737_21409.jpg,287,96,320,131,1,buoy
niihau_2_664_7822_16092.jpg,561,552,589,585,1,buoy
niihau_2_664_8095_15639.jpg,292,292,347,345,1,buoy
niihau_2_664_9628_13639.jpg,293,286,345,354,1,buoy
niihau_2_665_10432_9198.jpg,325,475,350,500,1,buoy
niihau_2_665_13345_7682.jpg,121,126,141,146,1,buoy
niihau_2_665_13390_7274.jpg,75,534,96,555,1,buoy
niihau_2_665_13466_6806.jpg,455,569,484,596,1,buoy
niihau_2_665_13712_7136.jpg,349,146,372,173,1,buoy
niihau_2_665_14330_6495.jpg,419,351,445,375,1,buoy
niihau_2_665_14437_6146.jpg,509,130,537,156,1,buoy
niihau_2_665_14596_3915.jpg,300,300,340,340,6,tire
niihau_2_665_2793_17025.jpg,213,27,242,60,1,buoy
niihau_2_665_3119_15180.jpg,246,566,274,595,1,buoy
niihau_2_665_3163_14856.jpg,311,305,327,330,2,unidentified object
niihau_2_665_375_20009.jpg,296,390,325,420,1,buoy
niihau_2_665_3752_16328.jpg,6,69,42,103,1,buoy
niihau_2_665_3865_13213.jpg,484,191,517,226,1,buoy
niihau_2_665_4199_13220.jpg,263,193,288,227,1,buoy
niihau_2_665_4630_15790.jpg,257,522,281,549,1,buoy
niihau_2_665_5013_15921.jpg,530,253,569,286,2,unidentified object
niihau_2_665_7161_12670.jpg,275,424,300,447,1,buoy
niihau_2_665_7273_13004.jpg,161,90,187,113,1,buoy
niihau_2_666_386_4742.jpg,175,535,196,557,1,buoy
niihau_2_666_495_4348.jpg,245,328,277,355,1,buoy
niihau_2_666_847_4338.jpg,43,121,69,153,1,buoy
niihau_2_716_10655_9613.jpg,301,488,328,517,1,buoy
niihau_2_716_10768_9951.jpg,186,148,216,181,1,buoy
niihau_2_716_14892_7509.jpg,392,548,422,577,1,buoy
niihau_2_716_15453_7248.jpg,241,602,268,632,1,buoy
niihau_2_716_15482_7610.jpg,178,188,205,213,1,buoy
niihau_2_716_6059_12969.jpg,81,509,169,590,2,unidentified object
niihau_2_716_6391_12569.jpg,141,517,168,550,2,unidentified object
niihau_2_719_14721_3972.jpg,308,300,335,337,2,unidentified object
niihau_2_720_2121_785.jpg,357,221,390,250,1,buoy
niihau_2_720_787_692.jpg,244,346,271,374,1,buoy
niihau_2_770_8981_8354.jpg,552,165,575,191,1,buoy
niihau_2_770_9206_7919.jpg,449,432,479,465,1,buoy
niihau_2_771_4923_6607.jpg,303,247,334,283,2,unidentified object
niihau_2_771_9296_7276.jpg,306,303,334,335,2,unidentified object
niihau_2_775_10249_5171.jpg,81,387,108,417,1,buoy
niihau_2_775_10367_4834.jpg,48,510,75,539,1,buoy
niihau_2_775_8473_8295.jpg,498,377,520,397,1,buoy
niihau_2_775_9449_6462.jpg,177,156,207,188,1,buoy
niihau_2_775_9472_6089.jpg,475,27,499,51,1,buoy
niihau_2_775_9851_5938.jpg,86,0,113,20,1,buoy
niihau_2_776_4268_5362.jpg,278,275,354,360,5,metal
niihau_2_776_7656_10364.jpg,304,300,335,341,2,unidentified object
niihau_2_779_11999_-7.jpg,65,196,108,247,2,unidentified object
niihau_2_831_2295_3331.jpg,322,362,352,392,1,buoy
niihau_2_831_840_1722.jpg,227,614,263,640,2,unidentified object
niihau_2_834_7487_1113.jpg,307,307,334,334,1,buoy
niihau_2_835_1600_4548.jpg,482,404,508,432,1,buoy
niihau_2_835_625_3685.jpg,230,222,410,417,3,net cloth
niihau_2_887_14335_4588.jpg,296,296,342,345,2,unidentified object
niihau_2_887_16053_4171.jpg,306,307,334,332,1,buoy
niihau_2_888_-108_10078.jpg,347,199,372,227,1,buoy
niihau_2_888_-123_9743.jpg,334,599,367,630,1,buoy
niihau_2_940_2435_15151.jpg,127,119,162,154,1,buoy
niihau_2_940_3978_13691.jpg,481,83,513,111,2,unidentified object
niihau_2_940_6103_11449.jpg,283,277,355,362,1,buoy
oahu_1_1100_2274_10832.jpg,305,302,335,337,2,unidentified object
oahu_1_1266_3831_12614.jpg,287,288,352,350,3,net cloth
oahu_1_137_15101_10794.jpg,539,377,564,401,1,buoy
oahu_1_1517_11598_14015.jpg,303,301,335,339,6,tire
oahu_1_158_18085_10125.jpg,345,123,370,143,2,unidentified object
oahu_1_1771_2488_21631.jpg,303,302,335,337,6,tire
oahu_1_2026_18838_16250.jpg,302,307,337,330,3,net cloth
oahu_1_2607_11018_1266.jpg,325,402,457,469,7,processed wood
oahu_1_2777_8416_11334.jpg,272,267,367,372,7,processed wood
oahu_1_2852_5750_28852.jpg,307,300,332,340,3,net cloth
oahu_1_3201_7711_4797.jpg,293,284,345,353,5,metal
oahu_1_3269_12817_16599.jpg,143,507,242,595,3,net cloth
oahu_1_3354_3938_4364.jpg,297,296,343,342,6,tire
oahu_1_3524_5799_5587.jpg,282,271,357,370,3,net cloth
oahu_1_3692_6106_15653.jpg,232,253,407,387,8,vessel
oahu_1_3777_10477_8962.jpg,116,161,502,482,8,vessel
oahu_1_3777_11018_9654.jpg,59,338,117,399,6,tire
oahu_1_3777_17541_25769.jpg,382,303,412,327,2,unidentified object
oahu_1_3946_4573_11533.jpg,290,285,349,354,3,net cloth
oahu_1_3946_9901_4710.jpg,178,295,462,345,7,processed wood
oahu_1_4033_20820_7083.jpg,302,302,337,339,6,tire
oahu_1_404_1365_-229.jpg,287,292,354,347,3,net cloth
oahu_2_1079_4443_15072.jpg,291,293,347,347,3,net cloth
oahu_2_137_16360_8435.jpg,272,276,367,362,7,processed wood
oahu_2_204_3929_15030.jpg,298,297,340,342,6,tire
oahu_2_2106_2246_15514.jpg,308,302,330,337,3,net cloth
oahu_2_229_19126_5871.jpg,232,193,262,222,2,unidentified object
oahu_2_230_1380_11081.jpg,274,312,341,383,2,unidentified object
oahu_2_230_477_11604.jpg,306,307,337,332,1,buoy
oahu_2_230_849_11376.jpg,121,429,143,454,2,unidentified object
oahu_2_2499_42_14416.jpg,219,264,357,352,3,net cloth
oahu_2_3214_10545_1571.jpg,300,297,342,342,6,tire
oahu_2_3374_9883_1366.jpg,295,299,330,336,6,tire
oahu_2_3454_5950_5000.jpg,282,288,357,352,2,unidentified object
oahu_2_362_10339_-68.jpg,232,248,407,392,7,processed wood
oahu_2_363_3977_18760.jpg,298,298,340,340,6,tire
oahu_2_4242_4220_8282.jpg,273,280,365,360,5,metal
oahu_2_4525_10_8225.jpg,303,302,337,337,2,unidentified object
oahu_2_4605_4710_17423.jpg,306,305,334,335,2,unidentified object
oahu_2_4605_9960_14614.jpg,286,282,352,357,3,net cloth
oahu_2_4606_15256_21486.jpg,302,302,337,337,2,unidentified object
oahu_2_49_2300_7151.jpg,295,295,345,345,3,net cloth
oahu_2_54_18916_7858.jpg,407,524,442,557,3,net cloth
oahu_2_840_6659_5118.jpg,295,296,345,345,2,unidentified object
oahu_3_4543_20113_8355.jpg,300,298,340,340,2,unidentified object
oahu_3_5550_1308_14716.jpg,288,283,350,357,7,processed wood
oahu_3_5550_3294_16270.jpg,282,285,357,355,7,processed wood
oahu_3_6055_10136_11771.jpg,215,342,232,364,2,unidentified object
oahu_3_6140_5126_23305.jpg,301,298,339,340,3,net cloth
oahu_3_6646_4804_20094.jpg,208,55,235,78,2,unidentified object
oahu_3_6814_3656_26015.jpg,306,303,336,335,1,buoy
oahu_3_6897_10622_3504.jpg,306,302,335,337,1,buoy
oahu_3_6897_10964_3418.jpg,309,309,331,329,1,buoy
oahu_3_6897_16097_7548.jpg,302,301,337,337,6,tire
oahu_3_7065_-67_13719.jpg,302,307,337,332,2,unidentified object
oahu_3_7149_5944_14953.jpg,118,515,143,542,2,unidentified object
